{
    "Bleu_1": 0.7991213260792795,
    "Bleu_2": 0.6495650744951879,
    "Bleu_3": 0.5147986018682821,
    "Bleu_4": 0.4036400405735743,
    "METEOR": 0.2978499564947209,
    "ROUGE_L": 0.5964309666325007,
    "CIDEr": 1.3567416541449302,
    "SPICE": 0.2297618381679448
}